cfg,seed,instance,pop,iteration,best_su,best_csr,best_placed
DGWO,1,350,30,1,62.3954,29.6296,81
DGWO,1,350,30,2,60.9354,44.1558,77
DGWO,1,350,30,3,60.2014,37.6623,77
DGWO,1,350,30,4,59.5918,33.7838,74
DGWO,1,350,30,5,62.3091,29.6296,81
DGWO,1,350,30,6,58.9360,38.4615,78
DGWO,1,350,30,7,62.7622,47.3684,76
DGWO,1,350,30,8,63.7649,35.3659,82
DGWO,1,350,30,9,66.1574,36.9048,84
DGWO,1,350,30,10,64.0879,37.6623,77
DGWO,1,350,30,11,63.4500,39.7590,83
DGWO,1,350,30,12,62.6458,45.3333,75
DGWO,1,350,30,13,64.6974,38.7500,80
DGWO,1,350,30,14,64.5551,44.4444,81
DGWO,1,350,30,15,63.8211,38.2716,81
DGWO,1,350,30,16,63.5623,46.9136,81
DGWO,1,350,30,17,65.8807,36.5854,82
DGWO,1,350,30,18,66.3300,33.3333,84
DGWO,1,350,30,19,64.0798,39.5062,81
DGWO,1,350,30,20,63.5443,44.3038,79
DGWO,1,350,30,21,65.0986,31.6456,79
DGWO,1,350,30,22,66.7571,45.6790,81
DGWO,1,350,30,23,64.9303,41.4634,82
DGWO,1,350,30,24,62.8183,38.6667,75
DGWO,1,350,30,25,63.9936,38.2716,81
DGWO,1,350,30,26,64.2482,35.8974,78
DGWO,1,350,30,27,64.2222,42.5000,80
DGWO,1,350,30,28,62.9527,41.0256,78
DGWO,1,350,30,29,65.7303,39.0805,87
DGWO,1,350,30,30,64.2783,39.2405,79
DGWO,1,350,30,31,67.2846,41.3793,87
DGWO,1,350,30,32,65.1467,47.5610,82
DGWO,1,350,30,33,65.5918,45.6790,81
DGWO,1,350,30,34,64.2142,40.4762,84
DGWO,1,350,30,35,66.3479,41.8605,86
DGWO,1,350,30,36,63.9936,35.8025,81
DGWO,1,350,30,37,65.3150,31.6456,79
DGWO,1,350,30,38,64.2703,39.7590,83
DGWO,1,350,30,39,63.4321,38.2716,81
DGWO,1,350,30,40,67.6816,38.5542,83
DGWO,1,350,30,41,66.7491,32.9412,85
DGWO,1,350,30,42,65.2589,37.5000,80
DGWO,1,350,30,43,68.2049,38.3721,86
DGWO,1,350,30,44,64.1921,41.7722,79
DGWO,1,350,30,45,66.8312,36.5854,82
DGWO,1,350,30,46,66.3178,36.4706,85
DGWO,1,350,30,47,67.3846,36.0465,86
DGWO,1,350,30,48,67.6434,40.6977,86
DGWO,1,350,30,49,65.9288,37.6471,85
DGWO,1,350,30,50,64.7536,36.7089,79
DGWO,1,350,30,51,64.5249,41.2500,80
DGWO,1,350,30,52,65.9467,36.7816,87
DGWO,1,350,30,53,66.6025,33.7349,83
DGWO,1,350,30,54,66.2697,32.9268,82
DGWO,1,350,30,55,66.3178,38.8235,85
DGWO,1,350,30,56,68.5679,36.3636,88
DGWO,1,350,30,57,66.5384,39.7727,88
DGWO,1,350,30,58,69.0431,34.0909,88
DGWO,1,350,30,59,66.5082,36.7816,87
DGWO,1,350,30,60,66.7930,34.1176,85
DGWO,1,350,30,61,65.8987,40.4762,84
DGWO,1,350,30,62,66.5082,39.0805,87
DGWO,1,350,30,63,68.4816,36.3636,88
DGWO,1,350,30,64,66.7750,38.5542,83
DGWO,1,350,30,65,67.9843,40.9639,83
DGWO,1,350,30,66,69.3279,34.8837,86
DGWO,1,350,30,67,65.3631,40.2439,82
DGWO,1,350,30,68,71.1287,36.7816,87
DGWO,1,350,30,69,66.8792,36.4706,85
DGWO,1,350,30,70,71.3013,37.9310,87
DGWO,1,350,30,71,66.5724,36.5854,82
DGWO,1,350,30,72,68.6061,37.6471,85
DGWO,1,350,30,73,69.1977,32.5581,86
DGWO,1,350,30,74,67.6133,37.6471,85
DGWO,1,350,30,75,67.8419,40.4762,84
DGWO,1,350,30,76,66.3258,38.2716,81
DGWO,1,350,30,77,67.8419,36.9048,84
DGWO,1,350,30,78,65.0001,41.2500,80
DGWO,1,350,30,79,68.3213,37.9310,87
DGWO,1,350,30,80,65.5918,35.8025,81
DGWO,1,350,30,81,65.7822,37.3494,83
DGWO,1,350,30,82,65.6960,42.1687,83
DGWO,1,350,30,83,65.7563,32.9412,85
DGWO,1,350,30,84,66.5082,36.7816,87
DGWO,1,350,30,85,66.2697,42.6829,82
DGWO,1,350,30,86,68.5679,34.0909,88
DGWO,1,350,30,87,68.0625,41.3793,87
DGWO,1,350,30,88,65.1646,36.9048,84
DGWO,1,350,30,89,65.1948,37.6471,85
DGWO,1,350,30,90,65.8987,40.4762,84
DGWO,1,350,30,91,64.8578,40.7407,81
DGWO,1,350,30,92,65.0303,41.9753,81
DGWO,1,350,30,93,64.7455,38.5542,83
DGWO,1,350,30,94,63.2294,42.5000,80
DGWO,1,350,30,95,66.4601,41.6667,84
DGWO,1,350,30,96,64.6673,39.2405,79
DGWO,1,350,30,97,66.4040,36.4706,85
DGWO,1,350,30,98,65.4494,39.0244,82
DGWO,1,350,30,99,67.1079,33.3333,84
DGWO,1,350,30,100,67.9763,33.3333,87
DGWO,1,350,30,101,68.1186,38.3721,86
DGWO,1,350,30,102,68.9088,37.6471,85
DGWO,1,350,30,103,65.7903,35.4430,79
DGWO,1,350,30,104,69.8153,35.2941,85
DGWO,1,350,30,105,66.3258,41.9753,81
DGWO,1,350,30,106,66.8010,39.5062,81
DGWO,1,350,30,107,68.3732,39.7590,83
DGWO,1,350,30,108,69.3279,37.2093,86
DGWO,1,350,30,109,65.0303,38.2716,81
DGWO,1,350,30,110,66.5544,37.5000,80
DGWO,1,350,30,111,68.0705,39.7590,83
DGWO,1,350,30,112,66.9434,37.5000,80
DGWO,1,350,30,113,68.5458,37.3494,83
DGWO,1,350,30,114,73.7418,39.1304,92
DGWO,1,350,30,115,71.3493,36.6667,90
DGWO,1,350,30,116,69.7290,32.9412,85
DGWO,1,350,30,117,70.7096,37.2093,86
DGWO,1,350,30,118,72.3681,39.7727,88
DGWO,1,350,30,119,76.0481,37.2340,94
DGWO,1,350,30,120,70.2043,41.1765,85
DGWO,1,350,30,121,76.0481,36.1702,94
DGWO,1,350,30,122,73.3789,40.0000,90
DGWO,1,350,30,123,74.8087,38.7097,93
DGWO,1,350,30,124,73.6556,36.9565,92
DGWO,1,350,30,125,74.8087,34.4086,93
DGWO,1,350,30,126,73.3789,37.7778,90
DGWO,1,350,30,127,72.1776,38.3721,86
DGWO,1,350,30,128,75.3141,40.4255,94
DGWO,1,350,30,129,71.8627,48.2759,87
DGWO,1,350,30,130,72.8735,38.2022,89
DGWO,1,350,30,131,72.5406,40.9091,88
DGWO,1,350,30,132,71.4997,42.3529,85
DGWO,1,350,30,133,72.8735,44.9438,89
DGWO,1,350,30,134,72.3983,38.2022,89
DGWO,1,350,30,135,74.5320,40.6593,91
DGWO,1,350,30,136,72.4845,46.0674,89
DGWO,1,350,30,137,73.2185,43.8202,89
DGWO,1,350,30,138,72.4544,40.9091,88
DGWO,1,350,30,139,75.1538,48.3871,93
DGWO,1,350,30,140,75.7152,43.0108,93
DGWO,1,350,30,141,73.7800,42.6966,89
DGWO,1,350,30,142,73.8281,34.7826,92
DGWO,1,350,30,143,74.5923,37.6344,93
DGWO,1,350,30,144,71.4738,48.2759,87
DGWO,1,350,30,145,72.4845,43.8202,89
DGWO,1,350,30,146,72.3983,47.1910,89
DGWO,1,350,30,147,74.4197,38.7097,93
DGWO,1,350,30,148,73.7800,43.8202,89
DGWO,1,350,30,149,73.6376,41.1111,90
DGWO,1,350,30,150,73.5815,40.6593,91
DGWO,1,350,30,151,73.1582,41.3793,87
DGWO,1,350,30,152,73.1884,42.0455,88
DGWO,1,350,30,153,73.7980,36.2637,91
DGWO,1,350,30,154,72.9036,42.2222,90
DGWO,1,350,30,155,74.2472,43.0108,93
DGWO,1,350,30,156,74.4759,42.3913,92
DGWO,1,350,30,157,76.7260,40.0000,95
DGWO,1,350,30,158,75.7152,41.9355,93
DGWO,1,350,30,159,76.8122,41.0526,95
DGWO,1,350,30,160,74.2854,44.4444,90
DGWO,1,350,30,161,73.8842,42.8571,91
DGWO,1,350,30,162,75.4305,35.7895,95
DGWO,1,350,30,163,75.9920,38.9474,95
DGWO,1,350,30,164,74.8950,35.4839,93
DGWO,1,350,30,165,76.8985,42.1053,95
DGWO,1,350,30,166,74.3717,45.5556,90
DGWO,1,350,30,167,75.8316,44.6809,94
DGWO,1,350,30,168,76.3931,41.4894,94
DGWO,1,350,30,169,73.8663,46.0674,89
DGWO,1,350,30,170,74.0266,44.4444,90
DGWO,1,350,30,171,75.2099,36.9565,92
DGWO,1,350,30,172,75.2961,42.3913,92
DGWO,1,350,30,173,74.5621,36.9565,92
DGWO,1,350,30,174,75.3824,41.3043,92
DGWO,1,350,30,175,77.9092,38.1443,97
DGWO,1,350,30,176,75.8015,39.7849,93
DGWO,1,350,30,177,76.1645,37.8947,95
DGWO,1,350,30,178,74.8770,38.4615,91
DGWO,1,350,30,179,75.1839,45.7447,94
DGWO,1,350,30,180,72.3983,41.5730,89
DGWO,1,350,30,181,77.1271,44.6809,94
DGWO,1,350,30,182,77.8230,42.2680,97
DGWO,1,350,30,183,76.9546,39.3617,94
DGWO,1,350,30,184,73.6938,50.5618,89
DGWO,1,350,30,185,74.9331,40.0000,90
DGWO,1,350,30,186,76.3931,42.5532,94
DGWO,1,350,30,187,77.4039,45.8333,96
DGWO,1,350,30,188,75.7152,40.8602,93
DGWO,1,350,30,189,76.5355,47.3118,93
DGWO,1,350,30,190,76.2206,37.2340,94
DGWO,1,350,30,191,75.4687,45.6522,92
DGWO,1,350,30,192,75.8015,37.6344,93
DGWO,1,350,30,193,80.4621,45.0000,100
DGWO,1,350,30,194,76.8684,41.4894,94
DGWO,1,350,30,195,77.8791,40.6250,96
DGWO,1,350,30,196,77.3737,42.1053,95
DGWO,1,350,30,197,73.7499,51.1364,88
DGWO,1,350,30,198,73.5514,41.1111,90
DGWO,1,350,30,199,76.1164,45.6522,92
DGWO,1,350,30,200,74.6743,43.3333,90
DGWO,1,350,30,201,75.8576,45.6522,92
DGWO,1,350,30,202,76.5916,47.8261,92
DGWO,1,350,30,203,77.0409,42.5532,94
DGWO,1,350,30,204,76.6779,46.7391,92
DGWO,1,350,30,205,76.0863,39.5604,91
DGWO,1,350,30,206,75.6290,45.1613,93
DGWO,1,350,30,207,77.2012,44.2105,95
DGWO,1,350,30,208,77.2394,41.3043,92
DGWO,1,350,30,209,75.8275,40.6593,91
DGWO,1,350,30,210,76.3069,36.1702,94
DGWO,1,350,30,211,78.0516,36.4583,96
DGWO,1,350,30,212,75.4084,38.8889,90
DGWO,1,350,30,213,78.2982,41.2371,97
DGWO,1,350,30,214,76.9245,35.4839,93
DGWO,1,350,30,215,76.4492,40.8602,93
DGWO,1,350,30,216,77.9352,42.1053,95
DGWO,1,350,30,217,75.4084,47.7778,90
DGWO,1,350,30,218,76.5916,45.6522,92
DGWO,1,350,30,219,76.8684,43.6170,94
DGWO,1,350,30,220,76.8684,42.5532,94
DGWO,1,350,30,221,77.1833,50.5376,93
DGWO,1,350,30,222,77.4298,39.3617,94
DGWO,1,350,30,223,77.9654,40.6250,96
DGWO,1,350,30,224,78.6994,39.5833,96
DGWO,1,350,30,225,79.2528,38.0000,100
DGWO,1,350,30,226,78.8719,41.6667,96
DGWO,1,350,30,227,79.9006,40.0000,100
DGWO,1,350,30,228,80.1292,36.3636,99
DGWO,1,350,30,229,79.0322,41.2371,97
DGWO,1,350,30,230,79.9387,46.3918,97
DGWO,1,350,30,231,79.1746,43.7500,96
DGWO,1,350,30,232,76.8122,43.1579,95
DGWO,1,350,30,233,79.4334,35.4167,96
DGWO,1,350,30,234,79.9567,41.4141,99
DGWO,1,350,30,235,78.8417,40.0000,95
DGWO,1,350,30,236,78.1639,42.5532,94
DGWO,1,350,30,237,79.2227,43.4343,99
DGWO,1,350,30,238,79.4513,40.8163,98
DGWO,1,350,30,239,77.5161,43.6170,94
DGWO,1,350,30,240,81.3686,38.0000,100
DGWO,1,350,30,241,74.5701,51.1364,88
DGWO,1,350,30,242,78.9460,43.2990,97
DGWO,1,350,30,243,77.0107,43.0108,93
DGWO,1,350,30,244,77.6585,40.8602,93
DGWO,1,350,30,245,78.7555,41.0526,95
DGWO,1,350,30,246,77.5161,48.9362,94
DGWO,1,350,30,247,79.6800,42.2680,97
DGWO,1,350,30,248,78.4406,45.8333,96
DGWO,1,350,30,249,77.7447,41.9355,93
DGWO,1,350,30,250,79.6800,42.2680,97
DGWO,1,350,30,251,80.0991,37.7551,98
DGWO,1,350,30,252,80.0991,42.8571,98
DGWO,1,350,30,253,79.0883,41.6667,96
DGWO,1,350,30,254,80.0991,40.8163,98
DGWO,1,350,30,255,79.1746,45.8333,96
DGWO,1,350,30,256,77.5722,46.2366,93
DGWO,1,350,30,257,80.0991,45.9184,98
DGWO,1,350,30,258,80.1853,40.8163,98
DGWO,1,350,30,259,79.0322,47.4227,97
DGWO,1,350,30,260,79.7662,39.1753,97
DGWO,1,350,30,261,80.3579,39.7959,98
DGWO,1,350,30,262,77.4298,45.7447,94
DGWO,1,350,30,263,80.0128,40.8163,98
DGWO,1,350,30,264,79.0883,42.7083,96
DGWO,1,350,30,265,79.7662,45.3608,97
DGWO,1,350,30,266,79.7662,44.3299,97
DGWO,1,350,30,267,80.6907,42.4242,99
DGWO,1,350,30,268,79.2609,47.9167,96
DGWO,1,350,30,269,80.2716,42.8571,98
DGWO,1,350,30,270,78.7555,41.0526,95
DGWO,1,350,30,271,80.2716,46.9388,98
DGWO,1,350,30,272,80.2716,45.9184,98
DGWO,1,350,30,273,79.3471,47.9167,96
DGWO,1,350,30,274,80.4441,42.8571,98
DGWO,1,350,30,275,80.0250,49.4845,97
DGWO,1,350,30,276,80.2716,44.8980,98
DGWO,1,350,30,277,81.4549,40.0000,100
DGWO,1,350,30,278,80.8632,40.4040,99
DGWO,1,350,30,279,80.3579,44.8980,98
DGWO,1,350,30,280,81.3686,44.0000,100
DGWO,1,350,30,281,80.8632,47.4747,99
DGWO,1,350,30,282,81.4549,44.0000,100
DGWO,1,350,30,283,81.9602,41.5842,101
DGWO,1,350,30,284,81.3686,49.0000,100
DGWO,1,350,30,285,80.2716,41.8367,98
DGWO,1,350,30,286,81.3686,40.0000,100
DGWO,1,350,30,287,81.3686,44.0000,100
DGWO,1,350,30,288,81.3686,42.0000,100
DGWO,1,350,30,289,81.3686,44.0000,100
DGWO,1,350,30,290,81.9602,41.5842,101
DGWO,1,350,30,291,81.9602,41.5842,101
DGWO,1,350,30,292,81.9602,38.6139,101
DGWO,1,350,30,293,81.9602,43.5644,101
DGWO,1,350,30,294,83.5325,39.8058,103
DGWO,1,350,30,295,81.9602,42.5743,101
DGWO,1,350,30,296,81.9602,40.5941,101
DGWO,1,350,30,297,81.9602,42.5743,101
DGWO,1,350,30,298,81.9602,47.5248,101
DGWO,1,350,30,299,82.0465,42.5743,101
DGWO,1,350,30,300,82.3793,42.1569,102
DGWO,1,350,30,301,80.9495,49.4949,99
DGWO,1,350,30,302,81.8740,48.5149,101
DGWO,1,350,30,303,81.3686,46.0000,100
DGWO,1,350,30,304,81.3686,50.0000,100
DGWO,1,350,30,305,81.3686,49.0000,100
DGWO,1,350,30,306,81.3686,51.0000,100
DGWO,1,350,30,307,81.9602,48.5149,101
DGWO,1,350,30,308,81.9602,50.4950,101
DGWO,1,350,30,309,81.9602,50.4950,101
DGWO,1,350,30,310,81.9602,52.4752,101
DGWO,1,350,30,311,81.9602,48.5149,101
DGWO,1,350,30,312,81.3686,51.0000,100
DGWO,1,350,30,313,81.9602,48.5149,101
DGWO,1,350,30,314,81.9602,45.5446,101
DGWO,1,350,30,315,81.3686,50.0000,100
DGWO,1,350,30,316,82.3793,45.0980,102
DGWO,1,350,30,317,82.3793,47.0588,102
DGWO,1,350,30,318,82.3793,50.0000,102
DGWO,1,350,30,319,82.3793,50.0000,102
DGWO,1,350,30,320,82.3793,50.0000,102
DGWO,1,350,30,321,82.3793,51.9608,102
DGWO,1,350,30,322,82.3793,50.9804,102
DGWO,1,350,30,323,82.3793,50.9804,102
DGWO,1,350,30,324,82.3793,51.9608,102
DGWO,1,350,30,325,82.3793,50.9804,102
DGWO,1,350,30,326,82.3793,50.9804,102
DGWO,1,350,30,327,82.3793,50.9804,102
DGWO,1,350,30,328,82.3793,51.9608,102
DGWO,1,350,30,329,82.3793,50.9804,102
DGWO,1,350,30,330,82.3793,50.9804,102
DGWO,1,350,30,331,82.3793,52.9412,102
DGWO,1,350,30,332,82.3793,51.9608,102
DGWO,1,350,30,333,82.3793,52.9412,102
DGWO,1,350,30,334,82.3793,51.9608,102
DGWO,1,350,30,335,82.3793,51.9608,102
DGWO,1,350,30,336,82.3793,52.9412,102
DGWO,1,350,30,337,82.3793,53.9216,102
DGWO,1,350,30,338,82.3793,52.9412,102
DGWO,1,350,30,339,82.3793,52.9412,102
DGWO,1,350,30,340,82.3793,54.9020,102
DGWO,1,350,30,341,82.3793,53.9216,102
DGWO,1,350,30,342,82.3793,53.9216,102
DGWO,1,350,30,343,82.3793,53.9216,102
DGWO,1,350,30,344,82.3793,53.9216,102
DGWO,1,350,30,345,82.3793,54.9020,102
DGWO,1,350,30,346,82.3793,53.9216,102
DGWO,1,350,30,347,82.3793,52.9412,102
DGWO,1,350,30,348,82.3793,52.9412,102
DGWO,1,350,30,349,82.3793,53.9216,102
DGWO,1,350,30,350,82.3793,52.9412,102
DGWO,1,350,30,351,82.3793,53.9216,102
DGWO,1,350,30,352,82.3793,52.9412,102
DGWO,1,350,30,353,82.3793,52.9412,102
DGWO,1,350,30,354,82.3793,52.9412,102
DGWO,1,350,30,355,82.3793,53.9216,102
DGWO,1,350,30,356,82.3793,53.9216,102
DGWO,1,350,30,357,82.3793,53.9216,102
DGWO,1,350,30,358,82.3793,53.9216,102
DGWO,1,350,30,359,82.3793,53.9216,102
DGWO,1,350,30,360,82.3793,53.9216,102
DGWO,1,350,30,361,82.3793,53.9216,102
DGWO,1,350,30,362,82.3793,53.9216,102
DGWO,1,350,30,363,82.3793,53.9216,102
DGWO,1,350,30,364,82.3793,53.9216,102
DGWO,1,350,30,365,82.3793,53.9216,102
DGWO,1,350,30,366,82.3793,53.9216,102
DGWO,1,350,30,367,82.3793,54.9020,102
DGWO,1,350,30,368,82.3793,54.9020,102
DGWO,1,350,30,369,82.3793,54.9020,102
DGWO,1,350,30,370,82.3793,54.9020,102
DGWO,1,350,30,371,82.3793,54.9020,102
DGWO,1,350,30,372,82.3793,54.9020,102
DGWO,1,350,30,373,82.3793,55.8824,102
DGWO,1,350,30,374,82.3793,55.8824,102
DGWO,1,350,30,375,82.3793,56.8627,102
DGWO,1,350,30,376,82.3793,56.8627,102
DGWO,1,350,30,377,82.3793,56.8627,102
DGWO,1,350,30,378,82.3793,56.8627,102
DGWO,1,350,30,379,82.3793,55.8824,102
DGWO,1,350,30,380,82.3793,56.8627,102
DGWO,1,350,30,381,82.3793,56.8627,102
DGWO,1,350,30,382,82.3793,56.8627,102
DGWO,1,350,30,383,82.3793,56.8627,102
DGWO,1,350,30,384,82.3793,56.8627,102
DGWO,1,350,30,385,82.3793,56.8627,102
DGWO,1,350,30,386,82.3793,56.8627,102
DGWO,1,350,30,387,82.3793,56.8627,102
DGWO,1,350,30,388,82.3793,56.8627,102
DGWO,1,350,30,389,82.3793,56.8627,102
DGWO,1,350,30,390,82.3793,56.8627,102
DGWO,1,350,30,391,82.3793,56.8627,102
DGWO,1,350,30,392,82.3793,56.8627,102
DGWO,1,350,30,393,82.3793,56.8627,102
DGWO,1,350,30,394,82.3793,56.8627,102
DGWO,1,350,30,395,82.3793,56.8627,102
DGWO,1,350,30,396,82.3793,56.8627,102
DGWO,1,350,30,397,82.3793,56.8627,102
DGWO,1,350,30,398,82.3793,56.8627,102
DGWO,1,350,30,399,82.3793,56.8627,102
DGWO,1,350,30,400,82.3793,56.8627,102
DGWO,1,350,30,401,82.3793,56.8627,102
DGWO,1,350,30,402,82.3793,56.8627,102
DGWO,1,350,30,403,82.3793,56.8627,102
DGWO,1,350,30,404,82.3793,56.8627,102
DGWO,1,350,30,405,82.3793,56.8627,102
DGWO,1,350,30,406,82.3793,56.8627,102
DGWO,1,350,30,407,82.3793,56.8627,102
DGWO,1,350,30,408,82.3793,56.8627,102
DGWO,1,350,30,409,82.3793,56.8627,102
DGWO,1,350,30,410,82.3793,56.8627,102
DGWO,1,350,30,411,82.3793,56.8627,102
DGWO,1,350,30,412,82.3793,56.8627,102
DGWO,1,350,30,413,82.3793,56.8627,102
DGWO,1,350,30,414,82.3793,56.8627,102
DGWO,1,350,30,415,82.3793,56.8627,102
DGWO,1,350,30,416,82.3793,56.8627,102
DGWO,1,350,30,417,82.3793,56.8627,102
DGWO,1,350,30,418,82.3793,56.8627,102
DGWO,1,350,30,419,82.3793,56.8627,102
DGWO,1,350,30,420,82.3793,56.8627,102
DGWO,1,350,30,421,82.3793,56.8627,102
DGWO,1,350,30,422,82.3793,56.8627,102
DGWO,1,350,30,423,82.3793,56.8627,102
DGWO,1,350,30,424,82.3793,56.8627,102
DGWO,1,350,30,425,82.3793,56.8627,102
DGWO,1,350,30,426,82.3793,56.8627,102
DGWO,1,350,30,427,82.3793,56.8627,102
DGWO,1,350,30,428,82.3793,56.8627,102
DGWO,1,350,30,429,82.3793,56.8627,102
DGWO,1,350,30,430,82.3793,56.8627,102
DGWO,1,350,30,431,82.3793,55.8824,102
DGWO,1,350,30,432,82.3793,55.8824,102
DGWO,1,350,30,433,82.3793,55.8824,102
DGWO,1,350,30,434,82.3793,55.8824,102
DGWO,1,350,30,435,82.3793,55.8824,102
DGWO,1,350,30,436,82.3793,55.8824,102
DGWO,1,350,30,437,82.3793,55.8824,102
DGWO,1,350,30,438,82.3793,55.8824,102
DGWO,1,350,30,439,82.3793,56.8627,102
DGWO,1,350,30,440,82.3793,55.8824,102
DGWO,1,350,30,441,82.3793,56.8627,102
DGWO,1,350,30,442,82.3793,56.8627,102
DGWO,1,350,30,443,82.3793,56.8627,102
DGWO,1,350,30,444,82.3793,56.8627,102
DGWO,1,350,30,445,82.3793,56.8627,102
DGWO,1,350,30,446,82.3793,56.8627,102
DGWO,1,350,30,447,82.3793,56.8627,102
DGWO,1,350,30,448,82.3793,56.8627,102
DGWO,1,350,30,449,82.3793,56.8627,102
DGWO,1,350,30,450,82.3793,56.8627,102
DGWO,1,350,30,451,82.3793,56.8627,102
DGWO,1,350,30,452,82.3793,56.8627,102
DGWO,1,350,30,453,82.3793,56.8627,102
DGWO,1,350,30,454,82.3793,56.8627,102
DGWO,1,350,30,455,82.3793,56.8627,102
DGWO,1,350,30,456,82.3793,56.8627,102
DGWO,1,350,30,457,82.3793,56.8627,102
DGWO,1,350,30,458,82.3793,56.8627,102
DGWO,1,350,30,459,82.3793,56.8627,102
DGWO,1,350,30,460,82.3793,56.8627,102
DGWO,1,350,30,461,82.3793,56.8627,102
DGWO,1,350,30,462,82.3793,56.8627,102
DGWO,1,350,30,463,82.3793,56.8627,102
DGWO,1,350,30,464,82.3793,56.8627,102
DGWO,1,350,30,465,82.3793,56.8627,102
DGWO,1,350,30,466,82.3793,56.8627,102
DGWO,1,350,30,467,82.3793,56.8627,102
DGWO,1,350,30,468,82.3793,56.8627,102
DGWO,1,350,30,469,82.3793,56.8627,102
DGWO,1,350,30,470,82.3793,56.8627,102
DGWO,1,350,30,471,82.3793,56.8627,102
DGWO,1,350,30,472,82.3793,56.8627,102
DGWO,1,350,30,473,82.3793,56.8627,102
DGWO,1,350,30,474,82.3793,56.8627,102
DGWO,1,350,30,475,82.3793,56.8627,102
DGWO,1,350,30,476,82.3793,56.8627,102
DGWO,1,350,30,477,82.3793,56.8627,102
DGWO,1,350,30,478,82.3793,56.8627,102
DGWO,1,350,30,479,82.3793,56.8627,102
DGWO,1,350,30,480,82.3793,56.8627,102
DGWO,1,350,30,481,82.3793,56.8627,102
DGWO,1,350,30,482,82.3793,56.8627,102
DGWO,1,350,30,483,82.3793,56.8627,102
DGWO,1,350,30,484,82.3793,56.8627,102
DGWO,1,350,30,485,82.3793,56.8627,102
DGWO,1,350,30,486,82.3793,56.8627,102
DGWO,1,350,30,487,82.3793,56.8627,102
DGWO,1,350,30,488,82.3793,56.8627,102
DGWO,1,350,30,489,82.3793,56.8627,102
DGWO,1,350,30,490,82.3793,56.8627,102
DGWO,1,350,30,491,82.3793,56.8627,102
DGWO,1,350,30,492,82.3793,56.8627,102
DGWO,1,350,30,493,82.3793,56.8627,102
DGWO,1,350,30,494,82.3793,56.8627,102
DGWO,1,350,30,495,82.3793,56.8627,102
DGWO,1,350,30,496,82.3793,56.8627,102
DGWO,1,350,30,497,82.3793,56.8627,102
DGWO,1,350,30,498,82.3793,56.8627,102
DGWO,1,350,30,499,82.3793,56.8627,102
DGWO,1,350,30,500,82.3793,56.8627,102
