cfg,seed,instance,iteration,best_su,best_csr,best_placed
MOGWO,5,350,1,56.4393,41.8919,74
MOGWO,5,350,2,56.4393,41.8919,74
MOGWO,5,350,3,56.4393,41.8919,74
MOGWO,5,350,4,56.4393,41.8919,74
MOGWO,5,350,5,56.4393,41.8919,74
MOGWO,5,350,6,56.4393,41.8919,74
MOGWO,5,350,7,56.4794,38.2716,81
MOGWO,5,350,8,56.5737,41.5584,77
MOGWO,5,350,9,56.5737,41.5584,77
MOGWO,5,350,10,59.0483,34.2105,76
MOGWO,5,350,11,59.0483,34.2105,76
MOGWO,5,350,12,59.3551,41.7722,79
MOGWO,5,350,13,59.3551,41.7722,79
MOGWO,5,350,14,59.3551,41.7722,79
MOGWO,5,350,15,59.3551,41.7722,79
MOGWO,5,350,16,59.3551,41.7722,79
MOGWO,5,350,17,59.3551,41.7722,79
MOGWO,5,350,18,59.3551,41.7722,79
MOGWO,5,350,19,59.3551,41.7722,79
MOGWO,5,350,20,59.3551,41.7722,79
MOGWO,5,350,21,59.3551,41.7722,79
MOGWO,5,350,22,59.3551,41.7722,79
MOGWO,5,350,23,59.3551,41.7722,79
MOGWO,5,350,24,59.3551,41.7722,79
MOGWO,5,350,25,59.3551,41.7722,79
MOGWO,5,350,26,59.3551,41.7722,79
MOGWO,5,350,27,59.3551,41.7722,79
MOGWO,5,350,28,60.1071,35.8025,81
MOGWO,5,350,29,60.1071,35.8025,81
MOGWO,5,350,30,60.1071,35.8025,81
MOGWO,5,350,31,60.1071,35.8025,81
MOGWO,5,350,32,60.1071,35.8025,81
MOGWO,5,350,33,60.1071,35.8025,81
MOGWO,5,350,34,60.1071,35.8025,81
MOGWO,5,350,35,60.1071,35.8025,81
MOGWO,5,350,36,60.1071,35.8025,81
MOGWO,5,350,37,60.1071,35.8025,81
MOGWO,5,350,38,60.1071,35.8025,81
MOGWO,5,350,39,60.1071,35.8025,81
MOGWO,5,350,40,60.1071,35.8025,81
MOGWO,5,350,41,60.1071,35.8025,81
MOGWO,5,350,42,60.1071,35.8025,81
MOGWO,5,350,43,60.1071,35.8025,81
MOGWO,5,350,44,60.1071,35.8025,81
MOGWO,5,350,45,60.1071,35.8025,81
MOGWO,5,350,46,60.1071,35.8025,81
MOGWO,5,350,47,60.1071,35.8025,81
MOGWO,5,350,48,60.1071,35.8025,81
MOGWO,5,350,49,60.1071,35.8025,81
MOGWO,5,350,50,60.1071,35.8025,81
MOGWO,5,350,51,60.1071,35.8025,81
MOGWO,5,350,52,60.1071,35.8025,81
MOGWO,5,350,53,60.1071,35.8025,81
MOGWO,5,350,54,60.1071,35.8025,81
MOGWO,5,350,55,60.1071,35.8025,81
MOGWO,5,350,56,60.1071,35.8025,81
MOGWO,5,350,57,60.7109,41.9753,81
MOGWO,5,350,58,60.7109,41.9753,81
MOGWO,5,350,59,60.7109,41.9753,81
MOGWO,5,350,60,60.7109,41.9753,81
MOGWO,5,350,61,60.7109,41.9753,81
MOGWO,5,350,62,60.7109,41.9753,81
MOGWO,5,350,63,60.7109,41.9753,81
MOGWO,5,350,64,60.7109,41.9753,81
MOGWO,5,350,65,60.7109,41.9753,81
MOGWO,5,350,66,60.7109,41.9753,81
MOGWO,5,350,67,60.7109,41.9753,81
MOGWO,5,350,68,60.7109,41.9753,81
MOGWO,5,350,69,60.7109,41.9753,81
MOGWO,5,350,70,61.0957,50.0000,78
MOGWO,5,350,71,61.0957,50.0000,78
MOGWO,5,350,72,61.0957,50.0000,78
MOGWO,5,350,73,61.0957,50.0000,78
MOGWO,5,350,74,61.0957,50.0000,78
MOGWO,5,350,75,61.0957,50.0000,78
MOGWO,5,350,76,61.0957,50.0000,78
MOGWO,5,350,77,61.0957,50.0000,78
MOGWO,5,350,78,61.0957,50.0000,78
MOGWO,5,350,79,61.0957,50.0000,78
MOGWO,5,350,80,61.0957,50.0000,78
MOGWO,5,350,81,62.1969,39.7590,83
MOGWO,5,350,82,62.1969,39.7590,83
MOGWO,5,350,83,62.1969,39.7590,83
MOGWO,5,350,84,62.1969,39.7590,83
MOGWO,5,350,85,62.1969,39.7590,83
MOGWO,5,350,86,62.1969,39.7590,83
MOGWO,5,350,87,62.1969,39.7590,83
MOGWO,5,350,88,62.1969,39.7590,83
MOGWO,5,350,89,62.1969,39.7590,83
MOGWO,5,350,90,62.1969,39.7590,83
MOGWO,5,350,91,62.1969,39.7590,83
MOGWO,5,350,92,62.1969,39.7590,83
MOGWO,5,350,93,62.1969,39.7590,83
MOGWO,5,350,94,62.1969,39.7590,83
MOGWO,5,350,95,62.1969,39.7590,83
MOGWO,5,350,96,62.1969,39.7590,83
MOGWO,5,350,97,62.1969,39.7590,83
MOGWO,5,350,98,62.1969,39.7590,83
MOGWO,5,350,99,62.1969,39.7590,83
MOGWO,5,350,100,62.1969,39.7590,83
MOGWO,5,350,101,62.1969,39.7590,83
MOGWO,5,350,102,62.1969,39.7590,83
MOGWO,5,350,103,62.1969,39.7590,83
MOGWO,5,350,104,62.1969,39.7590,83
MOGWO,5,350,105,62.1969,39.7590,83
MOGWO,5,350,106,62.1969,39.7590,83
MOGWO,5,350,107,62.1969,39.7590,83
MOGWO,5,350,108,62.1969,39.7590,83
MOGWO,5,350,109,62.1969,39.7590,83
MOGWO,5,350,110,62.1969,39.7590,83
MOGWO,5,350,111,62.1969,39.7590,83
MOGWO,5,350,112,62.1969,39.7590,83
MOGWO,5,350,113,62.1969,39.7590,83
MOGWO,5,350,114,62.1969,39.7590,83
MOGWO,5,350,115,62.1969,39.7590,83
MOGWO,5,350,116,62.1969,39.7590,83
MOGWO,5,350,117,62.1969,39.7590,83
MOGWO,5,350,118,62.1969,39.7590,83
MOGWO,5,350,119,62.1969,39.7590,83
MOGWO,5,350,120,62.1969,39.7590,83
MOGWO,5,350,121,62.1969,39.7590,83
MOGWO,5,350,122,62.1969,39.7590,83
MOGWO,5,350,123,62.1969,39.7590,83
MOGWO,5,350,124,62.1969,39.7590,83
MOGWO,5,350,125,62.1969,39.7590,83
MOGWO,5,350,126,62.1969,39.7590,83
MOGWO,5,350,127,63.0912,41.6667,84
MOGWO,5,350,128,63.0912,41.6667,84
MOGWO,5,350,129,63.0912,41.6667,84
MOGWO,5,350,130,63.0912,41.6667,84
MOGWO,5,350,131,63.0912,41.6667,84
MOGWO,5,350,132,63.0912,41.6667,84
MOGWO,5,350,133,63.0912,41.6667,84
MOGWO,5,350,134,63.0912,41.6667,84
MOGWO,5,350,135,63.0912,41.6667,84
MOGWO,5,350,136,63.0912,41.6667,84
MOGWO,5,350,137,63.0912,41.6667,84
MOGWO,5,350,138,63.0912,41.6667,84
MOGWO,5,350,139,63.0912,41.6667,84
MOGWO,5,350,140,63.0912,41.6667,84
MOGWO,5,350,141,63.0912,41.6667,84
MOGWO,5,350,142,63.0912,41.6667,84
MOGWO,5,350,143,63.0912,41.6667,84
MOGWO,5,350,144,63.0912,41.6667,84
MOGWO,5,350,145,63.0912,41.6667,84
MOGWO,5,350,146,63.0912,41.6667,84
MOGWO,5,350,147,63.0912,41.6667,84
MOGWO,5,350,148,63.0912,41.6667,84
MOGWO,5,350,149,63.0912,41.6667,84
MOGWO,5,350,150,63.0912,41.6667,84
MOGWO,5,350,151,63.0912,41.6667,84
MOGWO,5,350,152,64.4169,55.2941,85
MOGWO,5,350,153,64.4169,55.2941,85
MOGWO,5,350,154,64.4169,55.2941,85
MOGWO,5,350,155,64.4169,55.2941,85
MOGWO,5,350,156,64.4169,55.2941,85
MOGWO,5,350,157,64.4169,55.2941,85
MOGWO,5,350,158,64.4169,55.2941,85
MOGWO,5,350,159,64.4169,55.2941,85
MOGWO,5,350,160,64.4169,55.2941,85
MOGWO,5,350,161,64.4169,55.2941,85
MOGWO,5,350,162,64.4169,55.2941,85
MOGWO,5,350,163,64.4169,55.2941,85
MOGWO,5,350,164,64.4169,55.2941,85
MOGWO,5,350,165,64.4169,55.2941,85
MOGWO,5,350,166,64.4169,55.2941,85
MOGWO,5,350,167,64.4169,55.2941,85
MOGWO,5,350,168,64.4169,55.2941,85
MOGWO,5,350,169,64.4169,55.2941,85
MOGWO,5,350,170,64.4169,55.2941,85
MOGWO,5,350,171,64.4169,55.2941,85
MOGWO,5,350,172,64.4169,55.2941,85
MOGWO,5,350,173,64.4169,55.2941,85
MOGWO,5,350,174,64.4169,55.2941,85
MOGWO,5,350,175,64.4169,55.2941,85
MOGWO,5,350,176,64.4169,55.2941,85
MOGWO,5,350,177,64.4169,55.2941,85
MOGWO,5,350,178,64.4169,55.2941,85
MOGWO,5,350,179,64.4169,55.2941,85
MOGWO,5,350,180,64.4169,55.2941,85
MOGWO,5,350,181,64.4169,55.2941,85
MOGWO,5,350,182,64.4169,55.2941,85
MOGWO,5,350,183,64.4169,55.2941,85
MOGWO,5,350,184,64.4169,55.2941,85
MOGWO,5,350,185,64.4169,55.2941,85
MOGWO,5,350,186,64.4249,59.2593,81
MOGWO,5,350,187,64.4249,59.2593,81
MOGWO,5,350,188,64.4249,59.2593,81
MOGWO,5,350,189,64.4249,59.2593,81
MOGWO,5,350,190,64.4249,59.2593,81
MOGWO,5,350,191,65.5398,49.4118,85
MOGWO,5,350,192,65.5398,49.4118,85
MOGWO,5,350,193,65.5398,49.4118,85
MOGWO,5,350,194,65.5398,49.4118,85
MOGWO,5,350,195,65.5398,49.4118,85
MOGWO,5,350,196,65.5398,49.4118,85
MOGWO,5,350,197,65.5398,49.4118,85
MOGWO,5,350,198,65.5398,49.4118,85
MOGWO,5,350,199,65.5398,49.4118,85
MOGWO,5,350,200,65.5398,49.4118,85
MOGWO,5,350,201,65.5398,49.4118,85
MOGWO,5,350,202,65.5398,49.4118,85
MOGWO,5,350,203,65.5398,49.4118,85
MOGWO,5,350,204,65.5398,49.4118,85
MOGWO,5,350,205,65.5398,49.4118,85
MOGWO,5,350,206,65.5398,49.4118,85
MOGWO,5,350,207,65.5398,49.4118,85
MOGWO,5,350,208,65.5398,49.4118,85
MOGWO,5,350,209,65.5398,49.4118,85
MOGWO,5,350,210,65.5398,49.4118,85
MOGWO,5,350,211,65.5398,49.4118,85
MOGWO,5,350,212,65.5398,49.4118,85
MOGWO,5,350,213,65.5398,49.4118,85
MOGWO,5,350,214,65.5398,49.4118,85
MOGWO,5,350,215,65.5398,49.4118,85
MOGWO,5,350,216,65.5398,49.4118,85
MOGWO,5,350,217,65.5398,49.4118,85
MOGWO,5,350,218,65.5398,49.4118,85
MOGWO,5,350,219,65.5398,49.4118,85
MOGWO,5,350,220,65.5398,49.4118,85
MOGWO,5,350,221,65.5398,49.4118,85
MOGWO,5,350,222,65.5398,49.4118,85
MOGWO,5,350,223,65.5398,49.4118,85
MOGWO,5,350,224,65.5398,49.4118,85
MOGWO,5,350,225,65.5398,49.4118,85
MOGWO,5,350,226,65.5398,49.4118,85
MOGWO,5,350,227,65.5398,49.4118,85
MOGWO,5,350,228,65.5398,49.4118,85
MOGWO,5,350,229,65.5398,49.4118,85
MOGWO,5,350,230,65.5398,49.4118,85
MOGWO,5,350,231,65.5398,49.4118,85
MOGWO,5,350,232,65.5398,49.4118,85
MOGWO,5,350,233,65.5398,49.4118,85
MOGWO,5,350,234,65.5398,49.4118,85
MOGWO,5,350,235,65.5398,49.4118,85
MOGWO,5,350,236,65.5398,49.4118,85
MOGWO,5,350,237,65.5398,49.4118,85
MOGWO,5,350,238,65.5398,49.4118,85
MOGWO,5,350,239,65.5398,49.4118,85
MOGWO,5,350,240,65.5398,49.4118,85
MOGWO,5,350,241,65.5398,49.4118,85
MOGWO,5,350,242,65.5398,49.4118,85
MOGWO,5,350,243,65.5398,49.4118,85
MOGWO,5,350,244,65.5398,49.4118,85
MOGWO,5,350,245,65.5398,49.4118,85
MOGWO,5,350,246,65.5398,49.4118,85
MOGWO,5,350,247,65.5398,49.4118,85
MOGWO,5,350,248,65.5398,49.4118,85
MOGWO,5,350,249,65.5398,49.4118,85
MOGWO,5,350,250,65.5398,49.4118,85
MOGWO,5,350,251,65.5398,49.4118,85
MOGWO,5,350,252,65.5398,49.4118,85
MOGWO,5,350,253,65.5398,49.4118,85
MOGWO,5,350,254,65.5398,49.4118,85
MOGWO,5,350,255,65.5398,49.4118,85
MOGWO,5,350,256,65.5398,49.4118,85
MOGWO,5,350,257,65.5398,49.4118,85
MOGWO,5,350,258,65.5398,49.4118,85
MOGWO,5,350,259,65.5398,49.4118,85
MOGWO,5,350,260,65.5398,49.4118,85
MOGWO,5,350,261,65.5398,49.4118,85
MOGWO,5,350,262,65.5398,49.4118,85
MOGWO,5,350,263,65.5398,49.4118,85
MOGWO,5,350,264,65.5398,49.4118,85
MOGWO,5,350,265,65.5398,49.4118,85
MOGWO,5,350,266,65.5398,49.4118,85
MOGWO,5,350,267,65.5398,49.4118,85
MOGWO,5,350,268,65.5398,49.4118,85
MOGWO,5,350,269,65.5398,49.4118,85
MOGWO,5,350,270,65.5398,49.4118,85
MOGWO,5,350,271,65.5398,49.4118,85
MOGWO,5,350,272,65.5398,49.4118,85
MOGWO,5,350,273,65.5398,49.4118,85
MOGWO,5,350,274,65.5398,49.4118,85
MOGWO,5,350,275,65.5398,49.4118,85
MOGWO,5,350,276,65.5398,49.4118,85
MOGWO,5,350,277,65.5398,49.4118,85
MOGWO,5,350,278,65.5398,49.4118,85
MOGWO,5,350,279,65.5398,49.4118,85
MOGWO,5,350,280,65.5398,49.4118,85
MOGWO,5,350,281,65.5398,49.4118,85
MOGWO,5,350,282,65.5398,49.4118,85
MOGWO,5,350,283,65.5398,49.4118,85
MOGWO,5,350,284,65.5398,49.4118,85
MOGWO,5,350,285,65.5398,49.4118,85
MOGWO,5,350,286,65.5398,49.4118,85
MOGWO,5,350,287,65.5398,49.4118,85
MOGWO,5,350,288,65.5398,49.4118,85
MOGWO,5,350,289,65.5398,49.4118,85
MOGWO,5,350,290,65.5398,49.4118,85
MOGWO,5,350,291,65.5398,49.4118,85
MOGWO,5,350,292,65.5398,49.4118,85
MOGWO,5,350,293,65.5398,49.4118,85
MOGWO,5,350,294,65.5398,49.4118,85
MOGWO,5,350,295,65.5398,49.4118,85
MOGWO,5,350,296,65.5398,49.4118,85
MOGWO,5,350,297,65.5398,49.4118,85
MOGWO,5,350,298,65.5398,49.4118,85
MOGWO,5,350,299,65.5398,49.4118,85
MOGWO,5,350,300,65.5398,49.4118,85
MOGWO,5,350,301,65.5398,49.4118,85
MOGWO,5,350,302,65.5398,49.4118,85
MOGWO,5,350,303,65.5398,49.4118,85
MOGWO,5,350,304,65.5398,49.4118,85
MOGWO,5,350,305,65.5398,49.4118,85
MOGWO,5,350,306,65.5398,49.4118,85
MOGWO,5,350,307,65.5398,49.4118,85
MOGWO,5,350,308,65.5398,49.4118,85
MOGWO,5,350,309,65.5398,49.4118,85
MOGWO,5,350,310,65.5398,49.4118,85
MOGWO,5,350,311,65.5398,49.4118,85
MOGWO,5,350,312,65.5398,49.4118,85
MOGWO,5,350,313,65.5398,49.4118,85
MOGWO,5,350,314,65.5398,49.4118,85
MOGWO,5,350,315,65.5398,49.4118,85
MOGWO,5,350,316,65.5398,49.4118,85
MOGWO,5,350,317,65.5398,49.4118,85
MOGWO,5,350,318,65.5398,49.4118,85
MOGWO,5,350,319,65.5398,49.4118,85
MOGWO,5,350,320,65.5398,49.4118,85
MOGWO,5,350,321,65.5398,49.4118,85
MOGWO,5,350,322,65.5398,49.4118,85
MOGWO,5,350,323,65.5398,49.4118,85
MOGWO,5,350,324,65.5398,49.4118,85
MOGWO,5,350,325,65.5398,49.4118,85
MOGWO,5,350,326,65.5398,49.4118,85
MOGWO,5,350,327,65.5398,49.4118,85
MOGWO,5,350,328,65.5398,49.4118,85
MOGWO,5,350,329,65.5398,49.4118,85
MOGWO,5,350,330,65.5398,49.4118,85
MOGWO,5,350,331,65.5398,49.4118,85
MOGWO,5,350,332,65.5398,49.4118,85
MOGWO,5,350,333,65.5398,49.4118,85
MOGWO,5,350,334,65.5398,49.4118,85
MOGWO,5,350,335,65.5398,49.4118,85
MOGWO,5,350,336,65.5398,49.4118,85
MOGWO,5,350,337,65.5398,49.4118,85
MOGWO,5,350,338,65.5398,49.4118,85
MOGWO,5,350,339,65.5398,49.4118,85
MOGWO,5,350,340,65.5398,49.4118,85
MOGWO,5,350,341,65.5398,49.4118,85
MOGWO,5,350,342,65.5398,49.4118,85
MOGWO,5,350,343,65.5398,49.4118,85
MOGWO,5,350,344,65.5398,49.4118,85
MOGWO,5,350,345,65.5398,49.4118,85
MOGWO,5,350,346,65.5398,49.4118,85
MOGWO,5,350,347,65.5398,49.4118,85
MOGWO,5,350,348,65.5398,49.4118,85
MOGWO,5,350,349,65.5398,49.4118,85
MOGWO,5,350,350,65.5398,49.4118,85
MOGWO,5,350,351,65.5398,49.4118,85
MOGWO,5,350,352,65.5398,49.4118,85
MOGWO,5,350,353,65.5398,49.4118,85
MOGWO,5,350,354,65.5398,49.4118,85
MOGWO,5,350,355,65.5398,49.4118,85
MOGWO,5,350,356,65.5398,49.4118,85
MOGWO,5,350,357,65.5398,49.4118,85
MOGWO,5,350,358,65.5398,49.4118,85
MOGWO,5,350,359,65.5398,49.4118,85
MOGWO,5,350,360,65.5398,49.4118,85
MOGWO,5,350,361,65.5398,49.4118,85
MOGWO,5,350,362,65.5398,49.4118,85
MOGWO,5,350,363,65.5398,49.4118,85
MOGWO,5,350,364,65.5398,49.4118,85
MOGWO,5,350,365,65.5398,49.4118,85
MOGWO,5,350,366,65.5398,49.4118,85
MOGWO,5,350,367,65.5398,49.4118,85
MOGWO,5,350,368,65.5398,49.4118,85
MOGWO,5,350,369,65.5398,49.4118,85
MOGWO,5,350,370,65.5398,49.4118,85
MOGWO,5,350,371,65.5398,49.4118,85
MOGWO,5,350,372,65.5398,49.4118,85
MOGWO,5,350,373,65.5398,49.4118,85
MOGWO,5,350,374,65.5398,49.4118,85
MOGWO,5,350,375,65.5398,49.4118,85
MOGWO,5,350,376,65.5398,49.4118,85
MOGWO,5,350,377,65.5398,49.4118,85
MOGWO,5,350,378,65.5398,49.4118,85
MOGWO,5,350,379,65.5398,49.4118,85
MOGWO,5,350,380,65.5398,49.4118,85
MOGWO,5,350,381,65.5398,49.4118,85
MOGWO,5,350,382,65.5398,49.4118,85
MOGWO,5,350,383,65.5398,49.4118,85
MOGWO,5,350,384,65.5398,49.4118,85
MOGWO,5,350,385,65.5398,49.4118,85
MOGWO,5,350,386,65.5398,49.4118,85
MOGWO,5,350,387,65.5398,49.4118,85
MOGWO,5,350,388,65.5398,49.4118,85
MOGWO,5,350,389,65.5398,49.4118,85
MOGWO,5,350,390,65.5398,49.4118,85
MOGWO,5,350,391,65.5398,49.4118,85
MOGWO,5,350,392,65.5398,49.4118,85
MOGWO,5,350,393,65.5398,49.4118,85
MOGWO,5,350,394,65.5398,49.4118,85
MOGWO,5,350,395,65.5398,49.4118,85
MOGWO,5,350,396,65.5398,49.4118,85
MOGWO,5,350,397,65.5398,49.4118,85
MOGWO,5,350,398,65.5398,49.4118,85
MOGWO,5,350,399,65.5398,49.4118,85
MOGWO,5,350,400,65.5398,49.4118,85
MOGWO,5,350,401,65.5398,49.4118,85
MOGWO,5,350,402,65.5398,49.4118,85
MOGWO,5,350,403,65.5398,49.4118,85
MOGWO,5,350,404,65.5398,49.4118,85
MOGWO,5,350,405,65.5398,49.4118,85
MOGWO,5,350,406,65.5398,49.4118,85
MOGWO,5,350,407,65.5398,49.4118,85
MOGWO,5,350,408,65.5398,49.4118,85
MOGWO,5,350,409,65.5398,49.4118,85
MOGWO,5,350,410,65.5398,49.4118,85
MOGWO,5,350,411,65.5398,49.4118,85
MOGWO,5,350,412,65.5398,49.4118,85
MOGWO,5,350,413,65.5398,49.4118,85
MOGWO,5,350,414,65.5398,49.4118,85
MOGWO,5,350,415,65.5398,49.4118,85
MOGWO,5,350,416,65.5398,49.4118,85
MOGWO,5,350,417,65.5398,49.4118,85
MOGWO,5,350,418,65.5398,49.4118,85
MOGWO,5,350,419,65.5398,49.4118,85
MOGWO,5,350,420,65.5398,49.4118,85
MOGWO,5,350,421,65.5398,49.4118,85
MOGWO,5,350,422,65.5398,49.4118,85
MOGWO,5,350,423,65.5398,49.4118,85
MOGWO,5,350,424,65.5398,49.4118,85
MOGWO,5,350,425,65.5398,49.4118,85
MOGWO,5,350,426,65.5398,49.4118,85
MOGWO,5,350,427,65.5398,49.4118,85
MOGWO,5,350,428,65.5398,49.4118,85
MOGWO,5,350,429,65.5398,49.4118,85
MOGWO,5,350,430,65.5398,49.4118,85
MOGWO,5,350,431,65.5398,49.4118,85
MOGWO,5,350,432,65.5398,49.4118,85
MOGWO,5,350,433,65.5398,49.4118,85
MOGWO,5,350,434,65.5398,49.4118,85
MOGWO,5,350,435,65.5398,49.4118,85
MOGWO,5,350,436,65.5398,49.4118,85
MOGWO,5,350,437,65.5398,49.4118,85
MOGWO,5,350,438,65.5398,49.4118,85
MOGWO,5,350,439,65.5398,49.4118,85
MOGWO,5,350,440,65.5398,49.4118,85
MOGWO,5,350,441,65.5398,49.4118,85
MOGWO,5,350,442,65.5398,49.4118,85
MOGWO,5,350,443,65.5398,49.4118,85
MOGWO,5,350,444,65.5398,49.4118,85
MOGWO,5,350,445,65.5398,49.4118,85
MOGWO,5,350,446,65.5398,49.4118,85
MOGWO,5,350,447,65.5398,49.4118,85
MOGWO,5,350,448,65.5398,49.4118,85
MOGWO,5,350,449,65.5398,49.4118,85
MOGWO,5,350,450,65.5398,49.4118,85
MOGWO,5,350,451,65.5398,49.4118,85
MOGWO,5,350,452,65.5398,49.4118,85
MOGWO,5,350,453,65.5398,49.4118,85
MOGWO,5,350,454,65.5398,49.4118,85
MOGWO,5,350,455,65.5398,49.4118,85
MOGWO,5,350,456,65.5398,49.4118,85
MOGWO,5,350,457,65.5398,49.4118,85
MOGWO,5,350,458,65.5398,49.4118,85
MOGWO,5,350,459,65.5398,49.4118,85
MOGWO,5,350,460,65.5398,49.4118,85
MOGWO,5,350,461,65.5398,49.4118,85
MOGWO,5,350,462,65.5398,49.4118,85
MOGWO,5,350,463,65.5398,49.4118,85
MOGWO,5,350,464,65.5398,49.4118,85
MOGWO,5,350,465,65.5398,49.4118,85
MOGWO,5,350,466,65.5398,49.4118,85
MOGWO,5,350,467,65.5398,49.4118,85
MOGWO,5,350,468,65.5398,49.4118,85
MOGWO,5,350,469,65.5398,49.4118,85
MOGWO,5,350,470,65.5398,49.4118,85
MOGWO,5,350,471,65.5398,49.4118,85
MOGWO,5,350,472,65.5398,49.4118,85
MOGWO,5,350,473,65.5398,49.4118,85
MOGWO,5,350,474,65.5398,49.4118,85
MOGWO,5,350,475,65.5398,49.4118,85
MOGWO,5,350,476,65.5398,49.4118,85
MOGWO,5,350,477,65.5398,49.4118,85
MOGWO,5,350,478,65.5398,49.4118,85
MOGWO,5,350,479,65.5398,49.4118,85
MOGWO,5,350,480,65.5398,49.4118,85
MOGWO,5,350,481,65.5398,49.4118,85
MOGWO,5,350,482,65.5398,49.4118,85
MOGWO,5,350,483,65.5398,49.4118,85
MOGWO,5,350,484,65.5398,49.4118,85
MOGWO,5,350,485,65.5398,49.4118,85
MOGWO,5,350,486,65.5398,49.4118,85
MOGWO,5,350,487,65.5398,49.4118,85
MOGWO,5,350,488,65.5398,49.4118,85
MOGWO,5,350,489,65.5398,49.4118,85
MOGWO,5,350,490,65.5398,49.4118,85
MOGWO,5,350,491,65.5398,49.4118,85
MOGWO,5,350,492,65.5398,49.4118,85
MOGWO,5,350,493,65.5398,49.4118,85
MOGWO,5,350,494,65.5398,49.4118,85
MOGWO,5,350,495,65.5398,49.4118,85
MOGWO,5,350,496,65.5398,49.4118,85
MOGWO,5,350,497,65.5398,49.4118,85
MOGWO,5,350,498,65.5398,49.4118,85
MOGWO,5,350,499,65.5398,49.4118,85
MOGWO,5,350,500,65.5398,49.4118,85
